{"duration": 0.26691436767578125, "input_args": {"city_name": "'madurai9.925278.1198'"}, "time": 1741979317.1102643}